"category_name","price_range","total_amount","total_number_orders"
Beverages,"1.Below $20",102943,352
Beverages,"2. $20 - $50",23526,28
Beverages,"3. Over $50",141397,24
Condiments,"1.Below $20",35353,110
Condiments,"2. $20 - $50",70689,106
Confections,"1.Below $20",56888,216
Confections,"2. $20 - $50",87901,102
Confections,"3. Over $50",22562,16
Dairy Products,"1.Below $20",26961,112
Dairy Products,"2. $20 - $50",158506,219
Dairy Products,"3. Over $50",49041,35
Grains/Cereals,"1.Below $20",24369,104
Grains/Cereals,"2. $20 - $50",71380,92
Meat/Poultry,"1.Below $20",12297,47
Meat/Poultry,"2. $20 - $50",63130,89
Meat/Poultry,"3. Over $50",87596,37
Produce,"1.Below $20",5249,22
Produce,"2. $20 - $50",61022,84
Produce,"3. Over $50",33709,30
Seafood,"1.Below $20",65103,232
Seafood,"2. $20 - $50",43204,77
Seafood,"3. Over $50",22946,21
