"employee_full_name","employee_title","total_sales_amount_excluding_discount","total_number_unique_orders","total_number_products","average_product_amount","average_order_amount","total_discount_amount","total_sales_amount_including_discount","total_discount_percentage"
Margaret Peacock,Sales Representative,250187.45,156,9798,26.64,1603.77,25.75,232890.85,6.91
Janet Leverling,Sales Representative,213051.30,127,7852,27.25,1677.57,15.95,202812.84,4.81
Nancy Davolio,Sales Representative,202143.71,123,7812,25.31,1643.44,16.99,192107.60,4.96
Andrew Fuller,"Vice President, Sales",177749.26,96,6055,28.69,1851.55,10.55,166537.76,6.31
Laura Callahan,Inside Sales Coordinator,133301.03,104,5913,24.00,1281.74,14.60,126862.28,4.83
Robert King,Sales Representative,141295.99,72,4654,26.80,1962.44,12.95,124568.23,11.84
Anne Dodsworth,Sales Representative,82964.00,43,2670,31.59,1929.40,7.30,77308.07,6.82
Michael Suyama,Sales Representative,78198.10,67,3527,22.83,1167.14,9.15,73913.13,5.48
Steven Buchanan,Sales Manager,75567.75,42,3036,23.48,1799.23,7.80,68792.28,8.97
