"category_name","employee_full_name","total_sale_amount","percent_of_employee_sales","percent_of_category_sales"
Beverages,Margaret Peacock,50308.21,18.78,21.60
Beverages,Nancy Davolio,46599.35,17.40,24.26
Beverages,Janet Leverling,44757.40,16.71,22.07
Beverages,Andrew Fuller,40248.25,15.03,24.17
Beverages,Robert King,27963.83,10.44,22.45
Beverages,Anne Dodsworth,19642.55,7.33,25.41
Beverages,Laura Callahan,17897.85,6.68,14.11
Beverages,Steven Buchanan,11000.53,4.11,15.99
Beverages,Michael Suyama,9450.20,3.53,12.79
Condiments,Margaret Peacock,23314.87,21.99,10.01
Condiments,Andrew Fuller,14850.67,14.00,8.92
Condiments,Laura Callahan,14637.66,13.80,11.54
Condiments,Nancy Davolio,13561.56,12.79,7.06
Condiments,Janet Leverling,13381.64,12.62,6.60
Condiments,Anne Dodsworth,10125.54,9.55,13.10
Condiments,Robert King,8851.37,8.35,7.11
Condiments,Michael Suyama,4648.47,4.38,6.29
Condiments,Steven Buchanan,2675.30,2.52,3.89
Confections,Janet Leverling,33622.40,20.09,16.58
Confections,Nancy Davolio,28568.92,17.07,14.87
Confections,Margaret Peacock,27768.73,16.59,11.92
Confections,Laura Callahan,21699.91,12.97,17.11
Confections,Andrew Fuller,21455.69,12.82,12.88
Confections,Robert King,14518.99,8.68,11.66
Confections,Anne Dodsworth,8053.16,4.81,10.42
Confections,Michael Suyama,6859.63,4.10,9.28
Confections,Steven Buchanan,4809.80,2.87,6.99
Dairy Products,Nancy Davolio,36022.98,15.36,18.75
Dairy Products,Margaret Peacock,33549.80,14.31,14.41
Dairy Products,Janet Leverling,32320.83,13.78,15.94
Dairy Products,Robert King,27621.86,11.78,22.17
Dairy Products,Andrew Fuller,23812.55,10.15,14.30
Dairy Products,Steven Buchanan,21937.63,9.35,31.89
Dairy Products,Laura Callahan,21101.47,9.00,16.63
Dairy Products,Anne Dodsworth,21101.12,9.00,27.29
Dairy Products,Michael Suyama,17039.04,7.27,23.05
Grains/Cereals,Margaret Peacock,22579.61,23.58,9.70
Grains/Cereals,Janet Leverling,21235.01,22.18,10.47
Grains/Cereals,Andrew Fuller,11172.95,11.67,6.71
Grains/Cereals,Laura Callahan,11072.05,11.56,8.73
Grains/Cereals,Michael Suyama,9410.70,9.83,12.73
Grains/Cereals,Nancy Davolio,8465.90,8.84,4.41
Grains/Cereals,Robert King,6535.50,6.83,5.25
Grains/Cereals,Steven Buchanan,4027.56,4.21,5.85
Grains/Cereals,Anne Dodsworth,1245.30,1.30,1.61
Meat/Poultry,Margaret Peacock,30867.14,18.93,13.25
Meat/Poultry,Andrew Fuller,29873.60,18.32,17.94
Meat/Poultry,Robert King,21176.72,12.99,17.00
Meat/Poultry,Janet Leverling,20502.62,12.58,10.11
Meat/Poultry,Laura Callahan,16395.28,10.06,12.92
Meat/Poultry,Nancy Davolio,15038.47,9.22,7.83
Meat/Poultry,Steven Buchanan,11488.20,7.05,16.70
Meat/Poultry,Michael Suyama,9003.69,5.52,12.18
Meat/Poultry,Anne Dodsworth,8676.66,5.32,11.22
Produce,Nancy Davolio,19706.25,19.71,10.26
Produce,Margaret Peacock,17186.56,17.19,7.38
Produce,Laura Callahan,12016.52,12.02,9.47
Produce,Janet Leverling,11960.85,11.96,5.90
Produce,Michael Suyama,11560.70,11.56,15.64
Produce,Robert King,10753.38,10.76,8.63
Produce,Andrew Fuller,9376.48,9.38,5.63
Produce,Steven Buchanan,7109.02,7.11,10.33
Produce,Anne Dodsworth,314.81,0.31,0.41
Seafood,Margaret Peacock,27315.93,20.81,11.73
Seafood,Janet Leverling,25032.09,19.07,12.34
Seafood,Nancy Davolio,24144.15,18.39,12.57
Seafood,Andrew Fuller,15747.57,12.00,9.46
Seafood,Laura Callahan,12041.54,9.17,9.49
Seafood,Anne Dodsworth,8148.90,6.21,10.54
Seafood,Robert King,7146.58,5.44,5.74
Seafood,Michael Suyama,5940.70,4.53,8.04
Seafood,Steven Buchanan,5744.25,4.38,8.35
